representation_index,rebuffering_duration,video_bitrate,chunk_duration,qp,framerate,width,height,is_best,mvm,psnr,ssim,msssim,vqm,strred,vmaf,ssimplus
3,1.8330000000000002,602.724,2.0,23.117,30,512,384,0,0.046,24.736,0.961,0.93,0.638,24.745,45.997,60.4
3,0.36700000000000005,710.592,2.0,24.217,30,512,384,0,0.046,26.349,0.961,0.937,0.607,5.343,52.184,61.017
3,0.5329999999999999,795.036,2.0,26.283,30,512,384,0,0.055,31.61,0.98,0.967,0.495,9.657,63.799,61.9
3,0.0,520.868,2.0,23.15,30,512,384,0,0.043,32.73,0.983,0.967,0.457,4.389,66.096,62.65
3,0.0,848.084,2.0,26.167,30,512,384,0,0.056,34.895,0.982,0.975,0.47,14.714,62.067,61.5
