representation_index,rebuffering_duration,video_bitrate,chunk_duration,qp,framerate,width,height,is_best,mvm,psnr,ssim,msssim,vqm,strred,vmaf,ssimplus
4,6.733,642.628,2.0,26.7,30,640,480,0,0.035,35.367,0.992,0.981,0.313,9.062,70.596,70.75
0,0.5,213.284,2.0,25.033,30,320,240,0,0.074,32.279,0.957,0.949,0.624,38.188,14.868,57.55
0,0.5670000000000001,239.868,2.0,30.633,30,320,240,0,0.109,33.859,0.929,0.942,0.591,257.671,2.073,53.017
0,0.5329999999999999,256.748,2.0,27.9,30,320,240,0,0.114,32.696,0.923,0.932,0.617,222.506,2.648,52.017
0,0.2,178.808,2.0,20.35,30,320,240,0,0.072,31.716,0.963,0.959,0.638,55.982,10.12,55.95
