representation_index,rebuffering_duration,video_bitrate,chunk_duration,qp,framerate,width,height,is_best,mvm,psnr,ssim,msssim,vqm,strred,vmaf,ssimplus
9,1.4669999999999999,3300.964,2.0,26.25,30,1920,1080,0,0.015,43.781,0.999,0.997,0.087,1.982,92.77,95.633
8,0.0,3892.32,2.0,25.667,30,1920,1080,0,0.015,45.163,0.999,0.998,0.068,2.722,94.475,96.617
9,0.33299999999999996,5863.344,2.0,23.233,30,1920,1080,0,0.031,46.09,0.997,0.996,0.096,3.927,88.097,94.6
9,0.6,6003.772,2.0,23.8,30,1920,1080,0,0.027,44.926,0.996,0.995,0.097,4.044,87.65,93.733
9,0.0,4024.196,2.0,16.567,30,1920,1080,0,0.024,45.945,0.999,0.999,0.035,1.917,96.558,96.9
