representation_index,rebuffering_duration,video_bitrate,chunk_duration,qp,framerate,width,height,is_best,mvm,psnr,ssim,msssim,vqm,strred,vmaf,ssimplus
10,1.5,4041.432,2.0,24.883,30,1920,1080,0,0.014,44.687,0.999,0.997,0.067,1.593,94.098,96.45
9,0.733,5419.512,2.0,23.767,30,1920,1080,0,0.016,46.545,0.999,0.998,0.042,2.059,96.18,97.7
8,1.2670000000000001,4333.468,2.0,25.9,30,1920,1080,0,0.031,44.684,0.995,0.994,0.139,7.356,82.33,92.367
7,2.2,3060.268,2.0,23.917,30,1280,720,0,0.039,41.956,0.993,0.992,0.161,10.125,79.764,85.433
6,0.5329999999999999,1586.552,2.0,18.1,30,1280,720,0,0.032,40.916,0.998,0.996,0.078,5.032,92.769,87.55
