representation_index,rebuffering_duration,video_bitrate,chunk_duration,qp,framerate,width,height,is_best,mvm,psnr,ssim,msssim,vqm,strred,vmaf,ssimplus
10,1.2670000000000001,4041.432,2.0,24.883,30,1920,1080,0,0.014,44.687,0.999,0.997,0.067,1.593,94.098,96.45
10,0.0,6420.088,2.0,22.35,30,1920,1080,0,0.016,47.295,0.999,0.999,0.038,1.654,96.835,97.817
10,2.9330000000000003,7143.424,2.0,21.467,30,1920,1080,0,0.031,46.937,0.997,0.997,0.073,2.613,91.04,95.667
8,4.567,4430.424,2.0,26.433,30,1920,1080,0,0.028,43.399,0.994,0.993,0.14,7.289,81.766,91.133
7,1.0,2012.204,2.0,16.35,30,1280,720,0,0.032,41.444,0.999,0.997,0.06,3.975,94.172,88.0
