representation_index,rebuffering_duration,video_bitrate,chunk_duration,qp,framerate,width,height,is_best,mvm,psnr,ssim,msssim,vqm,strred,vmaf,ssimplus
0,2.2,208.404,2.0,29.85,30,320,240,0,0.15,29.458,0.878,0.877,0.705,436.934,0.13,38.217
0,0.5329999999999999,216.86,2.0,28.067,30,320,240,0,0.173,33.197,0.932,0.938,0.477,162.812,2.738,52.333
0,0.33299999999999996,216.296,2.0,31.083,30,320,240,0,0.176,31.57,0.913,0.921,0.561,129.617,3.539,52.917
0,0.6,262.104,2.0,31.95,30,320,240,0,0.172,30.242,0.88,0.891,0.628,225.314,0.612,50.533
0,1.067,255.784,2.0,32.117,30,320,240,0,0.162,28.915,0.871,0.877,0.679,241.497,0.848,48.483
