representation_index,rebuffering_duration,video_bitrate,chunk_duration,qp,framerate,width,height,is_best,mvm,psnr,ssim,msssim,vqm,strred,vmaf,ssimplus
6,1.5330000000000001,1827.664,2.0,26.517,30,1280,720,0,0.045,36.879,0.981,0.973,0.315,17.638,60.306,76.95
6,1.2670000000000001,2131.456,2.0,24.983,30,1280,720,0,0.048,40.331,0.986,0.984,0.111,9.711,80.663,83.233
6,1.3330000000000002,2248.004,2.0,28.283,30,1280,720,0,0.048,39.651,0.988,0.986,0.112,8.032,82.889,84.4
4,0.0,1112.688,2.0,29.6,30,640,480,0,0.084,34.859,0.968,0.965,0.294,39.364,52.07,67.9
5,0.0,1925.1,2.0,26.167,30,720,480,0,0.078,34.439,0.978,0.971,0.252,17.42,69.607,71.217
