representation_index,rebuffering_duration,video_bitrate,chunk_duration,qp,framerate,width,height,is_best,mvm,psnr,ssim,msssim,vqm,strred,vmaf,ssimplus
1,1.208,340.224,2.0,40.021,24,384,288,0,0.07,22.49,0.821,0.786,0.726,127.709,9.772,36.604
2,0.0,450.592,2.0,36.292,24,512,384,0,0.043,27.329,0.916,0.902,0.652,73.099,31.027,55.167
7,0.41700000000000004,2934.392,2.0,26.833,24,1280,720,0,0.034,33.098,0.985,0.977,0.269,16.017,82.441,82.25
5,0.0,1543.216,2.0,29.771,24,720,480,0,0.083,33.956,0.98,0.973,0.282,20.678,76.45,71.479
7,7.917000000000001,3141.336,2.0,27.062,24,1280,720,0,0.053,39.808,0.992,0.99,0.216,11.228,86.321,84.979
