representation_index,rebuffering_duration,video_bitrate,chunk_duration,qp,framerate,width,height,is_best,mvm,psnr,ssim,msssim,vqm,strred,vmaf,ssimplus
10,2.25,5869.344,2.0,36.188,24,1920,1080,0,0.032,30.992,0.989,0.974,0.22,6.026,85.123,81.854
9,0.45799999999999996,4238.052,2.0,28.438,24,1920,1080,0,0.025,36.702,0.994,0.99,0.174,5.099,90.411,91.062
8,1.9580000000000002,4272.056,2.0,29.146,24,1920,1080,0,0.026,34.535,0.989,0.983,0.228,11.933,85.647,86.312
7,1.7080000000000002,2751.896,2.0,30.354,24,1280,720,0,0.05,36.473,0.989,0.984,0.201,11.433,88.325,84.333
6,1.5830000000000002,2470.456,2.0,29.333,24,1280,720,0,0.052,38.658,0.988,0.987,0.262,18.399,80.83,83.292
