representation_index,rebuffering_duration,video_bitrate,chunk_duration,qp,framerate,width,height,is_best,mvm,psnr,ssim,msssim,vqm,strred,vmaf,ssimplus
4,0.41700000000000004,741.772,2.0,31.354,24,640,480,0,0.08,39.205,0.99,0.986,0.339,15.815,64.26,69.771
8,0.0,4249.644,2.0,11.146,24,1920,1080,0,0.029,48.108,0.999,0.998,0.063,1.19,96.363,97.0
8,0.45799999999999996,4445.72,2.0,11.042,24,1920,1080,0,0.036,48.542,0.999,0.998,0.054,1.08,96.215,97.188
8,0.292,3532.96,2.0,8.812,24,1920,1080,0,0.033,49.431,0.999,0.998,0.037,0.714,97.436,97.688
7,0.583,2848.34,2.0,17.042,24,1280,720,0,0.05,44.532,0.997,0.996,0.081,1.995,93.468,88.208
