representation_index,rebuffering_duration,video_bitrate,chunk_duration,qp,framerate,width,height,is_best,mvm,psnr,ssim,msssim,vqm,strred,vmaf,ssimplus
1,1.2329999999999999,302.896,2.0,23.75,30,384,288,0,0.073,29.158,0.939,0.931,0.684,52.548,14.367,54.167
2,0.0,574.12,2.0,22.133,30,512,384,0,0.064,30.121,0.953,0.95,0.531,41.661,42.858,59.0
7,0.33299999999999996,2494.128,2.0,16.333,30,1280,720,0,0.02,36.22,0.995,0.992,0.189,2.093,92.174,87.183
5,0.0,1676.876,2.0,16.917,30,720,480,0,0.036,32.538,0.992,0.982,0.249,3.148,85.772,74.333
7,4.667,2687.2,2.0,21.367,30,1280,720,0,0.024,36.427,0.997,0.993,0.117,1.241,95.57,88.933
