representation_index,rebuffering_duration,video_bitrate,chunk_duration,qp,framerate,width,height,is_best,mvm,psnr,ssim,msssim,vqm,strred,vmaf,ssimplus
10,2.0669999999999997,5387.1,2.0,26.25,30,1920,1080,0,0.021,39.466,0.997,0.992,0.175,2.321,91.42,93.167
9,0.0,5838.064,2.0,25.567,30,1920,1080,0,0.022,40.023,0.997,0.994,0.134,2.738,94.127,94.533
8,3.767,4268.916,2.0,27.783,30,1920,1080,0,0.022,38.725,0.994,0.992,0.19,5.333,90.173,93.0
7,2.4330000000000003,3075.9,2.0,25.85,30,1280,720,0,0.034,37.477,0.993,0.989,0.221,6.539,87.637,86.0
6,1.633,2534.5,2.0,28.6,30,1280,720,0,0.034,35.881,0.989,0.985,0.289,10.918,81.505,84.25
