representation_index,rebuffering_duration,video_bitrate,chunk_duration,qp,framerate,width,height,is_best,mvm,psnr,ssim,msssim,vqm,strred,vmaf,ssimplus
0,2.1,198.812,2.0,39.117,30,320,240,0,0.147,26.655,0.839,0.848,0.817,462.603,2.109,35.85
0,0.9329999999999999,232.232,2.0,31.717,30,320,240,0,0.161,30.906,0.88,0.895,0.496,264.086,0.704,45.533
0,0.433,235.676,2.0,28.65,30,320,240,0,0.16,33.713,0.921,0.931,0.397,341.454,0.65,50.567
0,0.5329999999999999,246.656,2.0,29.55,30,320,240,0,0.165,33.521,0.917,0.929,0.436,453.706,0.239,49.183
0,0.733,253.88,2.0,33.1,30,320,240,0,0.161,30.125,0.822,0.843,0.512,545.387,0.878,40.783
