representation_index,rebuffering_duration,video_bitrate,chunk_duration,qp,framerate,width,height,is_best,mvm,psnr,ssim,msssim,vqm,strred,vmaf,ssimplus
1,1.2329999999999999,317.852,2.0,38.017,30,384,288,0,0.13,27.729,0.88,0.879,0.748,255.928,4.87,43.367
1,0.0,367.468,2.0,30.7,30,384,288,0,0.134,31.614,0.897,0.909,0.445,159.909,3.471,48.5
7,0.5329999999999999,2875.44,2.0,26.4,30,1280,720,0,0.047,38.493,0.977,0.976,0.16,30.708,62.301,75.85
5,0.0,1753.28,2.0,23.7,30,720,480,0,0.079,37.607,0.971,0.971,0.228,47.569,55.205,68.733
6,5.733,2660.648,2.0,33.967,30,1280,720,0,0.048,34.028,0.947,0.943,0.287,68.985,51.537,64.15
