representation_index,rebuffering_duration,video_bitrate,chunk_duration,qp,framerate,width,height,is_best,mvm,psnr,ssim,msssim,vqm,strred,vmaf,ssimplus
8,1.6669999999999998,3656.532,2.0,35.183,30,1920,1080,0,0.033,33.87,0.979,0.969,0.345,21.696,68.067,74.3
8,0.0,4427.936,2.0,33.05,30,1920,1080,0,0.031,36.786,0.973,0.973,0.171,16.993,68.559,75.5
7,0.133,2875.44,2.0,26.4,30,1280,720,0,0.047,38.493,0.977,0.976,0.16,30.708,62.301,75.85
7,0.0,2977.54,2.0,25.783,30,1280,720,0,0.05,38.932,0.979,0.978,0.18,31.825,67.61,77.55
6,0.5329999999999999,2660.648,2.0,33.967,30,1280,720,0,0.048,34.028,0.947,0.943,0.287,68.985,51.537,64.15
