representation_index,rebuffering_duration,video_bitrate,chunk_duration,qp,framerate,width,height,is_best,mvm,psnr,ssim,msssim,vqm,strred,vmaf,ssimplus
8,1.6669999999999998,3656.532,2.0,35.183,30,1920,1080,0,0.033,33.87,0.979,0.969,0.345,21.696,68.067,74.3
8,0.4,4427.936,2.0,33.05,30,1920,1080,0,0.031,36.786,0.973,0.973,0.171,16.993,68.559,75.5
8,0.36700000000000005,4059.48,2.0,28.517,30,1920,1080,0,0.031,38.99,0.98,0.98,0.142,26.388,64.648,77.183
7,0.833,2977.54,2.0,25.783,30,1280,720,0,0.05,38.932,0.979,0.978,0.18,31.825,67.61,77.55
7,1.433,3429.756,2.0,32.333,30,1280,720,0,0.048,34.818,0.96,0.955,0.247,48.063,59.445,70.95
