representation_index,rebuffering_duration,video_bitrate,chunk_duration,qp,framerate,width,height,is_best,mvm,psnr,ssim,msssim,vqm,strred,vmaf,ssimplus
10,2.3,6102.704,2.0,31.017,30,1920,1080,0,0.033,36.269,0.989,0.983,0.229,9.193,82.127,83.483
10,3.167,7599.732,2.0,29.9,30,1920,1080,0,0.032,39.485,0.987,0.987,0.1,7.218,82.649,85.5
6,0.9670000000000001,2287.244,2.0,27.8,30,1280,720,0,0.047,37.733,0.97,0.971,0.19,43.341,53.768,71.083
6,1.6669999999999998,2359.324,2.0,27.6,30,1280,720,0,0.048,38.129,0.972,0.973,0.214,46.498,59.945,73.05
4,0.0,1178.16,2.0,32.417,30,640,480,0,0.08,32.398,0.913,0.914,0.371,134.388,31.227,53.617
