representation_index,rebuffering_duration,video_bitrate,chunk_duration,qp,framerate,width,height,is_best,mvm,psnr,ssim,msssim,vqm,strred,vmaf,ssimplus
10,1.8330000000000002,6102.704,2.0,31.017,30,1920,1080,0,0.033,36.269,0.989,0.983,0.229,9.193,82.127,83.483
10,0.267,7599.732,2.0,29.9,30,1920,1080,0,0.032,39.485,0.987,0.987,0.1,7.218,82.649,85.5
10,5.4,6417.16,2.0,25.55,30,1920,1080,0,0.031,41.079,0.989,0.988,0.09,11.679,78.132,85.05
5,0.9329999999999999,1753.28,2.0,23.7,30,720,480,0,0.079,37.607,0.971,0.971,0.228,47.569,55.205,68.733
5,0.833,1987.128,2.0,30.0,30,720,480,0,0.077,33.537,0.943,0.939,0.3,69.126,46.847,65.7
