representation_index,rebuffering_duration,video_bitrate,chunk_duration,qp,framerate,width,height,is_best,mvm,psnr,ssim,msssim,vqm,strred,vmaf,ssimplus
0,1.9169999999999998,182.58,2.0,21.542,24,320,240,0,0.139,33.578,0.962,0.957,0.606,72.68,15.873,52.417
0,1.0,263.584,2.0,21.75,24,320,240,0,0.121,31.14,0.929,0.935,0.712,164.232,7.913,53.583
0,0.708,254.46,2.0,21.812,24,320,240,0,0.164,33.564,0.938,0.946,0.583,177.993,15.455,51.562
0,0.33299999999999996,200.948,2.0,21.229,24,320,240,0,0.17,31.081,0.962,0.962,0.547,78.54,12.076,40.042
0,0.375,240.048,2.0,21.188,24,320,240,0,0.117,31.997,0.95,0.955,0.594,94.845,13.631,50.667
