representation_index,rebuffering_duration,video_bitrate,chunk_duration,qp,framerate,width,height,is_best,mvm,psnr,ssim,msssim,vqm,strred,vmaf,ssimplus
3,0.33299999999999996,558.18,2.0,16.792,24,512,384,0,0.095,37.105,0.985,0.982,0.339,16.387,63.871,60.167
8,0.16699999999999998,4552.296,2.0,12.667,24,1920,1080,0,0.042,44.797,0.998,0.997,0.084,2.247,95.749,95.646
8,0.20800000000000002,4847.248,2.0,13.458,24,1920,1080,0,0.041,46.292,0.997,0.996,0.069,2.316,94.329,94.604
8,0.0,3611.528,2.0,12.729,24,1920,1080,0,0.036,46.231,0.998,0.998,0.035,1.12,96.839,95.583
8,0.0,4132.904,2.0,11.292,24,1920,1080,0,0.036,46.293,0.998,0.997,0.052,1.17,95.956,95.542
