representation_index,rebuffering_duration,video_bitrate,chunk_duration,qp,framerate,width,height,is_best,mvm,psnr,ssim,msssim,vqm,strred,vmaf,ssimplus
3,0.33299999999999996,558.18,2.0,16.792,24,512,384,0,0.095,37.105,0.985,0.982,0.339,16.387,63.871,60.167
8,0.0,4552.296,2.0,12.667,24,1920,1080,0,0.042,44.797,0.998,0.997,0.084,2.247,95.749,95.646
9,0.0,6502.66,2.0,10.333,24,1920,1080,0,0.041,48.285,0.998,0.998,0.042,1.087,96.904,96.729
9,0.042,4739.492,2.0,9.521,24,1920,1080,0,0.036,48.076,0.999,0.999,0.026,0.546,98.237,97.042
9,6.332999999999999,5627.964,2.0,7.562,24,1920,1080,0,0.036,48.164,0.999,0.998,0.036,0.506,98.099,97.125
