representation_index,rebuffering_duration,video_bitrate,chunk_duration,qp,framerate,width,height,is_best,mvm,psnr,ssim,msssim,vqm,strred,vmaf,ssimplus
8,1.4580000000000002,3294.96,2.0,14.875,24,1920,1080,0,0.037,45.366,0.997,0.995,0.09,1.831,92.632,92.812
8,0.125,4552.296,2.0,12.667,24,1920,1080,0,0.042,44.797,0.998,0.997,0.084,2.247,95.749,95.646
8,0.20800000000000002,4847.248,2.0,13.458,24,1920,1080,0,0.041,46.292,0.997,0.996,0.069,2.316,94.329,94.604
8,0.0,3611.528,2.0,12.729,24,1920,1080,0,0.036,46.231,0.998,0.998,0.035,1.12,96.839,95.583
8,0.0,4132.904,2.0,11.292,24,1920,1080,0,0.036,46.293,0.998,0.997,0.052,1.17,95.956,95.542
