representation_index,rebuffering_duration,video_bitrate,chunk_duration,qp,framerate,width,height,is_best,mvm,psnr,ssim,msssim,vqm,strred,vmaf,ssimplus
10,1.9169999999999998,5104.12,2.0,10.771,24,1920,1080,0,0.037,47.856,0.998,0.997,0.046,0.689,96.702,95.938
8,0.41700000000000004,4552.296,2.0,12.667,24,1920,1080,0,0.042,44.797,0.998,0.997,0.084,2.247,95.749,95.646
8,2.167,4847.248,2.0,13.458,24,1920,1080,0,0.041,46.292,0.997,0.996,0.069,2.316,94.329,94.604
7,1.6669999999999998,2623.012,2.0,10.604,24,1280,720,0,0.052,40.742,0.997,0.996,0.047,2.059,94.784,86.833
6,1.167,2218.112,2.0,11.688,24,1280,720,0,0.051,41.159,0.995,0.994,0.121,3.472,90.113,86.083
