representation_index,rebuffering_duration,video_bitrate,chunk_duration,qp,framerate,width,height,is_best,mvm,psnr,ssim,msssim,vqm,strred,vmaf,ssimplus
10,1.9169999999999998,5104.12,2.0,10.771,24,1920,1080,0,0.037,47.856,0.998,0.997,0.046,0.689,96.702,95.938
9,1.375,6014.504,2.0,9.792,24,1920,1080,0,0.042,46.329,0.999,0.998,0.051,1.228,97.798,97.0
8,2.917,4847.248,2.0,13.458,24,1920,1080,0,0.041,46.292,0.997,0.996,0.069,2.316,94.329,94.604
6,1.167,2046.608,2.0,12.562,24,1280,720,0,0.052,40.154,0.997,0.995,0.064,3.172,92.722,85.833
5,0.41700000000000004,1710.404,2.0,8.292,24,720,480,0,0.074,39.124,0.994,0.993,0.149,4.013,85.94,72.979
