representation_index,rebuffering_duration,video_bitrate,chunk_duration,qp,framerate,width,height,is_best,mvm,psnr,ssim,msssim,vqm,strred,vmaf,ssimplus
10,1.9580000000000002,5104.12,2.0,10.771,24,1920,1080,0,0.037,47.856,0.998,0.997,0.046,0.689,96.702,95.938
9,1.375,6014.504,2.0,9.792,24,1920,1080,0,0.042,46.329,0.999,0.998,0.051,1.228,97.798,97.0
8,3.0,4847.248,2.0,13.458,24,1920,1080,0,0.041,46.292,0.997,0.996,0.069,2.316,94.329,94.604
7,2.042,2623.012,2.0,10.604,24,1280,720,0,0.052,40.742,0.997,0.996,0.047,2.059,94.784,86.833
6,1.2919999999999998,2218.112,2.0,11.688,24,1280,720,0,0.051,41.159,0.995,0.994,0.121,3.472,90.113,86.083
