representation_index,rebuffering_duration,video_bitrate,chunk_duration,qp,framerate,width,height,is_best,mvm,psnr,ssim,msssim,vqm,strred,vmaf,ssimplus
10,1.9169999999999998,5104.12,2.0,10.771,24,1920,1080,0,0.037,47.856,0.998,0.997,0.046,0.689,96.702,95.938
10,2.167,7164.276,2.0,8.0,24,1920,1080,0,0.042,47.214,0.999,0.998,0.04,0.819,98.792,97.625
7,1.7080000000000002,3258.928,2.0,11.375,24,1280,720,0,0.061,42.614,0.995,0.994,0.108,4.159,91.221,86.646
5,0.083,1472.024,2.0,8.542,24,720,480,0,0.078,37.017,0.995,0.993,0.094,3.562,86.429,68.146
5,0.583,1710.404,2.0,8.292,24,720,480,0,0.074,39.124,0.994,0.993,0.149,4.013,85.94,72.979
