representation_index,rebuffering_duration,video_bitrate,chunk_duration,qp,framerate,width,height,is_best,mvm,psnr,ssim,msssim,vqm,strred,vmaf,ssimplus
10,1.5419999999999998,5104.12,2.0,10.771,24,1920,1080,0,0.037,47.856,0.998,0.997,0.046,0.689,96.702,95.938
10,0.16699999999999998,7164.276,2.0,8.0,24,1920,1080,0,0.042,47.214,0.999,0.998,0.04,0.819,98.792,97.625
10,5.957999999999999,7705.288,2.0,8.396,24,1920,1080,0,0.041,49.01,0.999,0.998,0.036,0.67,98.203,97.25
7,1.5419999999999998,2623.012,2.0,10.604,24,1280,720,0,0.052,40.742,0.997,0.996,0.047,2.059,94.784,86.833
6,1.5,2218.112,2.0,11.688,24,1280,720,0,0.051,41.159,0.995,0.994,0.121,3.472,90.113,86.083
