representation_index,rebuffering_duration,video_bitrate,chunk_duration,qp,framerate,width,height,is_best,mvm,psnr,ssim,msssim,vqm,strred,vmaf,ssimplus
0,2.0,188.608,2.0,18.562,24,320,240,0,0.071,29.717,0.963,0.952,0.762,35.538,14.656,52.5
0,0.20800000000000002,211.632,2.0,17.625,24,320,240,0,0.074,30.435,0.971,0.964,0.677,28.704,23.919,53.958
0,0.41700000000000004,206.672,2.0,16.167,24,320,240,0,0.076,30.423,0.974,0.967,0.675,32.659,26.511,54.0
0,0.16699999999999998,214.364,2.0,14.729,24,320,240,0,0.076,30.579,0.976,0.97,0.653,24.866,29.253,54.521
0,0.792,245.72,2.0,15.604,24,320,240,0,0.071,30.396,0.972,0.966,0.675,24.348,26.154,53.938
