representation_index,rebuffering_duration,video_bitrate,chunk_duration,qp,framerate,width,height,is_best,mvm,psnr,ssim,msssim,vqm,strred,vmaf,ssimplus
4,0.33299999999999996,632.196,2.0,11.125,24,640,480,0,0.05,34.45,0.993,0.986,0.387,7.274,74.885,70.771
9,0.0,4727.168,2.0,5.875,24,1920,1080,0,0.027,47.373,0.999,0.999,0.042,0.725,98.349,98.0
10,0.0,5785.612,2.0,4.021,24,1920,1080,0,0.025,48.562,1.0,0.999,0.036,0.929,98.714,98.604
10,0.667,5369.1,2.0,3.042,24,1920,1080,0,0.022,49.566,1.0,0.999,0.033,0.678,98.769,99.0
10,7.417000000000001,6444.756,2.0,3.292,24,1920,1080,0,0.026,48.56,1.0,0.999,0.035,0.458,98.756,98.417
