representation_index,rebuffering_duration,video_bitrate,chunk_duration,qp,framerate,width,height,is_best,mvm,psnr,ssim,msssim,vqm,strred,vmaf,ssimplus
9,1.4169999999999998,3132.044,2.0,9.854,24,1920,1080,0,0.023,44.54,0.999,0.998,0.098,0.789,96.212,96.188
9,0.542,4727.168,2.0,5.875,24,1920,1080,0,0.027,47.373,0.999,0.999,0.042,0.725,98.349,98.0
9,0.917,4739.572,2.0,5.479,24,1920,1080,0,0.025,47.893,1.0,0.999,0.041,1.159,98.538,98.0
9,2.083,4470.272,2.0,4.479,24,1920,1080,0,0.022,48.901,1.0,0.999,0.036,0.836,98.615,98.729
6,0.33299999999999996,2144.996,2.0,6.979,24,1280,720,0,0.033,40.148,0.998,0.997,0.124,2.127,95.694,88.917
