representation_index,rebuffering_duration,video_bitrate,chunk_duration,qp,framerate,width,height,is_best,mvm,psnr,ssim,msssim,vqm,strred,vmaf,ssimplus
6,1.8330000000000002,1691.128,2.0,15.771,24,1280,720,0,0.061,36.239,0.993,0.983,0.267,6.154,84.816,82.458
6,0.917,2127.52,2.0,13.188,24,1280,720,0,0.057,39.767,0.994,0.99,0.153,8.009,89.47,86.354
6,1.3330000000000002,2006.16,2.0,9.646,24,1280,720,0,0.065,45.85,0.997,0.995,0.06,5.317,92.278,89.417
4,0.0,933.352,2.0,11.396,24,640,480,0,0.078,37.035,0.985,0.98,0.28,19.247,73.562,69.792
5,0.0,1756.584,2.0,7.458,24,720,480,0,0.105,37.485,0.99,0.983,0.13,4.827,93.879,74.0
