representation_index,rebuffering_duration,video_bitrate,chunk_duration,qp,framerate,width,height,is_best,mvm,psnr,ssim,msssim,vqm,strred,vmaf,ssimplus
10,2.042,5407.968,2.0,12.646,24,1920,1080,0,0.041,40.505,0.997,0.993,0.114,1.533,96.132,93.125
10,1.9580000000000002,6692.432,2.0,10.521,24,1920,1080,0,0.041,44.294,0.998,0.996,0.048,2.388,96.933,95.854
7,0.45799999999999996,2531.88,2.0,8.125,24,1280,720,0,0.064,46.363,0.998,0.996,0.05,3.45,94.412,90.167
7,2.125,2700.416,2.0,9.688,24,1280,720,0,0.055,41.671,0.996,0.993,0.087,4.354,94.092,88.042
4,0.0,1015.58,2.0,10.521,24,640,480,0,0.107,36.884,0.986,0.98,0.199,10.935,86.048,71.0
