representation_index,rebuffering_duration,video_bitrate,chunk_duration,qp,framerate,width,height,is_best,mvm,psnr,ssim,msssim,vqm,strred,vmaf,ssimplus
4,1.4169999999999998,600.872,2.0,26.646,24,640,480,0,0.04,37.281,0.992,0.983,0.311,5.721,78.644,72.0
3,0.0,868.964,2.0,24.375,24,512,384,0,0.059,35.896,0.984,0.977,0.395,7.709,68.085,62.0
5,0.0,1473.652,2.0,20.271,24,720,480,0,0.049,40.89,0.994,0.99,0.198,5.178,87.722,74.271
6,0.0,2153.592,2.0,21.896,24,1280,720,0,0.04,42.959,0.996,0.993,0.166,4.205,89.662,87.167
6,1.9580000000000002,2014.096,2.0,20.167,24,1280,720,0,0.04,43.599,0.997,0.995,0.128,3.98,92.754,88.0
