representation_index,rebuffering_duration,video_bitrate,chunk_duration,qp,framerate,width,height,is_best,mvm,psnr,ssim,msssim,vqm,strred,vmaf,ssimplus
4,0.45799999999999996,600.872,2.0,26.646,24,640,480,0,0.04,37.281,0.992,0.983,0.311,5.721,78.644,72.0
7,2.0,3178.784,2.0,22.917,24,1280,720,0,0.028,41.951,0.997,0.994,0.121,1.673,95.272,88.812
6,1.4580000000000002,2086.26,2.0,23.417,24,1280,720,0,0.032,42.509,0.996,0.993,0.161,4.508,92.492,87.667
5,0.0,1687.26,2.0,18.958,24,720,480,0,0.061,41.463,0.994,0.991,0.195,4.549,85.656,74.312
5,0.0,1479.844,2.0,15.938,24,720,480,0,0.059,41.455,0.996,0.993,0.158,4.888,87.066,74.625
