representation_index,rebuffering_duration,video_bitrate,chunk_duration,qp,framerate,width,height,is_best,mvm,psnr,ssim,msssim,vqm,strred,vmaf,ssimplus
8,1.208,2543.48,2.0,28.604,24,1920,1080,0,0.016,42.328,0.998,0.994,0.142,2.113,94.008,95.25
8,0.20800000000000002,4105.576,2.0,25.958,24,1920,1080,0,0.019,42.941,0.997,0.995,0.115,1.656,95.53,96.125
8,0.542,4046.024,2.0,23.875,24,1920,1080,0,0.022,44.026,0.997,0.995,0.113,2.635,95.497,95.583
7,0.0,2792.692,2.0,19.875,24,1280,720,0,0.04,43.804,0.997,0.995,0.13,2.908,92.471,88.0
7,0.33299999999999996,2596.624,2.0,18.229,24,1280,720,0,0.04,44.225,0.997,0.995,0.104,3.055,94.501,88.333
