representation_index,rebuffering_duration,video_bitrate,chunk_duration,qp,framerate,width,height,is_best,mvm,psnr,ssim,msssim,vqm,strred,vmaf,ssimplus
10,1.7080000000000002,4603.764,2.0,24.75,24,1920,1080,0,0.016,43.858,0.998,0.996,0.086,1.385,96.588,96.792
9,0.792,5425.14,2.0,24.271,24,1920,1080,0,0.019,43.699,0.998,0.996,0.088,1.19,96.847,96.521
8,1.375,4046.024,2.0,23.875,24,1920,1080,0,0.022,44.026,0.997,0.995,0.113,2.635,95.497,95.583
7,2.0,2792.692,2.0,19.875,24,1280,720,0,0.04,43.804,0.997,0.995,0.13,2.908,92.471,88.0
5,0.16699999999999998,1479.844,2.0,15.938,24,720,480,0,0.059,41.455,0.996,0.993,0.158,4.888,87.066,74.625
